vehicle_id,charge_start_time,charge_end_time,charge_duration,mileage,delta_mileage,charge_start_soc,charge_end_soc,charge_delta_soc,charge_start_U,charge_end_U,charge_start_I,charge_end_I,charge_max_temp,charge_min_temp,charge_energy
9,20171101135056,20171101142256,1920,53428.6,145.5,39.0,80.0,41.0,556.4,572.7,-95.0,-189.0,40.0,0.0,51.099
9,20171101181646,20171101183216,930,53498.5,69.90000000000146,50.0,72.0,22.0,559.2,571.8,-191.0,-191.0,42.0,33.0,28.058000000000003
9,20171102003526,20171102015316,4670,53575.0,76.5,43.0,100.0,57.0,558.1,585.1,-78.0,-1.0,40.0,0.0,69.449
9,20171102121942,20171102124222,1360,53650.3,75.30000000000291,69.0,100.0,31.0,566.1,592.3,-191.0,-2.0,38.0,30.0,36.934
9,20171102233612,20171103011132,5720,53797.5,147.1999999999971,32.0,100.0,68.0,561.8,587.1,-95.0,-2.0,41.0,0.0,82.37700000000002
9,20171103123109,20171103125219,1270,53872.6,75.09999999999854,72.0,100.0,28.0,566.1,596.3,-191.0,-6.0,38.0,30.0,34.965
9,20171104012427,20171104024627,4920,54019.7,147.09999999999854,42.0,100.0,58.0,562.9,594.7,-95.0,-9.0,39.0,30.0,71.422
9,20171104131215,20171104135725,2710,54166.5,146.8000000000029,32.0,97.0,65.0,559.3,573.7,-191.0,0.0,45.0,0.0,81.043
9,20171104223140,20171105000410,5550,54313.1,146.59999999999854,32.0,100.0,68.0,559.3,590.3,-95.0,-1.0,44.0,0.0,83.15700000000002
9,20171105141246,20171105143056,1090,54460.0,146.90000000000146,42.0,68.0,26.0,551.3,571.0,-1.0,-192.0,39.0,29.0,31.561
9,20171105233519,20171106021559,9640,54537.0,77.0,35.0,100.0,65.0,558.3,594.1,-39.0,-4.0,38.0,0.0,77.992
9,20171106132917,20171106140937,2420,54684.0,147.0,46.0,100.0,54.0,562.1,595.2,-191.0,-3.0,40.0,28.0,66.377
9,20171106232245,20171107004825,5140,54830.4,146.40000000000146,40.0,100.0,60.0,562.1,595.4,-95.0,-9.0,40.0,0.0,74.679
9,20171107144527,20171107150437,1150,54977.4,147.0,42.0,0.0,-42.0,558.9,0.0,-192.0,0.0,35.0,0.0,33.994
9,20171107223149,20171108012049,10140,55054.5,77.09999999999854,40.0,100.0,60.0,560.8,588.7,-39.0,-1.0,33.0,0.0,71.145
9,20171108134003,20171108142243,2560,55201.2,146.6999999999971,44.0,100.0,56.0,560.7,593.9,-191.0,-4.0,37.0,24.0,69.866
9,20171109010107,20171109022957,5330,55348.2,147.0,37.0,100.0,63.0,562.5,592.3,-94.0,-2.0,38.0,0.0,76.985
9,20171109144718,20171109150608,1130,55493.9,145.70000000000437,40.0,67.0,27.0,561.0,570.8,-192.0,-191.0,39.0,29.0,34.062
9,20171109230647,20171110013257,8770,55570.8,76.90000000000146,33.0,100.0,67.0,558.1,594.1,-59.0,-4.0,39.0,0.0,80.169
9,20171110123121,20171110125511,1430,55647.3,76.5,68.0,99.0,31.0,565.0,597.7,-191.0,-38.0,38.0,30.0,39.667
9,20171110224721,20171111001311,5150,55794.8,147.5,38.0,100.0,62.0,560.7,594.4,-95.0,-9.0,42.0,0.0,74.968
9,20171111135205,20171111143645,2680,55941.6,146.79999999999563,40.0,100.0,60.0,561.2,587.9,-192.0,-2.0,44.0,32.0,74.501
9,20171112013455,20171112025845,5030,56088.4,146.8000000000029,41.0,100.0,59.0,561.3,587.1,-95.0,-1.0,40.0,0.0,72.774
9,20171112150223,20171112152543,1400,56234.1,145.6999999999971,38.0,70.0,32.0,563.4,571.0,-191.0,-190.0,41.0,0.0,39.58
9,20171112224329,20171113001409,5440,56311.2,77.09999999999854,36.0,100.0,64.0,562.3,587.0,-95.0,-1.0,42.0,0.0,78.166
9,20171113141328,20171113145548,2540,56455.2,144.0,44.0,100.0,56.0,565.4,593.7,-191.0,-5.0,39.0,26.0,69.357
9,20171114001001,20171114012851,4730,56602.9,147.70000000000437,44.0,100.0,56.0,561.4,590.8,-95.0,-3.0,37.0,0.0,68.51899999999999
9,20171114151027,20171114152447,860,56748.7,145.79999999999563,43.0,64.0,21.0,561.2,570.4,-192.0,-192.0,36.0,26.0,25.924
9,20171115014952,20171115032302,5590,56825.7,77.0,34.0,100.0,66.0,562.7,588.7,-95.0,-1.0,37.0,26.0,80.65
9,20171115124406,20171115130706,1380,56900.4,74.70000000000438,71.0,100.0,29.0,563.7,586.0,-192.0,-2.0,35.0,26.0,36.625
9,20171115224116,20171116010046,8370,57047.6,147.1999999999971,42.0,100.0,58.0,554.2,591.8,-34.0,-4.0,34.0,24.0,71.465
9,20171116132604,20171116140904,2580,57193.1,145.5,42.0,100.0,58.0,564.9,591.0,-191.0,-2.0,40.0,28.0,71.368
9,20171116223143,20171116234823,4600,57047.6,-145.5,45.0,100.0,55.0,565.7,594.9,-191.0,-9.0,41.0,0.0,66.94800000000001
9,20171117144149,20171117145449,780,57486.3,438.70000000000437,46.0,64.0,18.0,560.5,569.5,-191.0,-191.0,38.0,30.0,23.488000000000003
9,20171117233753,20171118024703,11350,57563.5,77.19999999999709,33.0,100.0,67.0,557.6,593.9,-39.0,-4.0,38.0,29.0,80.548
9,20171118134924,20171118143204,2560,57709.2,145.6999999999971,42.0,0.0,-42.0,561.2,0.0,-191.0,0.0,41.0,0.0,71.556
9,20171119010525,20171119022635,4870,57856.0,146.8000000000029,41.0,100.0,59.0,561.9,589.2,-95.0,-2.0,37.0,0.0,70.14399999999999
9,20171119145502,20171119151852,1430,58001.9,145.90000000000146,44.0,0.0,-44.0,562.8,0.0,-191.0,0.0,34.0,0.0,42.772
9,20171119224533,20171120004153,6980,58079.0,77.09999999999854,47.0,100.0,53.0,559.4,591.3,-59.0,-1.0,32.0,0.0,63.887
9,20171120123526,20171120130056,1530,58154.4,75.40000000000146,68.0,100.0,32.0,565.4,591.4,-190.0,-2.0,30.0,21.0,39.852
9,20171121013245,20171121025725,5080,58302.2,147.79999999999563,40.0,100.0,60.0,566.4,591.7,-95.0,-9.0,30.0,0.0,73.122
9,20171121135622,20171121144242,2780,58449.3,147.10000000000582,39.0,100.0,61.0,561.1,594.0,-191.0,-5.0,36.0,0.0,75.24600000000002
9,20171122014224,20171122030334,4870,58596.1,146.79999999999563,42.0,100.0,58.0,562.9,591.6,-95.0,-1.0,32.0,0.0,70.243
9,20171122112316,20171122114936,1580,58671.5,75.40000000000146,68.0,100.0,32.0,569.4,596.8,-191.0,-6.0,31.0,22.0,40.288000000000004
9,20171123003905,20171123020625,5240,58819.1,147.59999999999854,36.0,100.0,64.0,569.1,593.8,-191.0,-8.0,32.0,21.0,78.158
9,20171123141526,20171123145946,2660,58963.9,144.8000000000029,40.0,99.0,59.0,565.0,591.6,-191.0,0.0,36.0,23.0,73.842
9,20171124013945,20171124030005,4820,59109.7,145.79999999999563,40.0,100.0,60.0,561.8,585.8,-99.0,-1.0,33.0,22.0,72.209
9,20171124152029,20171124154239,1330,59254.8,145.10000000000582,38.0,70.0,32.0,558.1,573.8,-198.0,-198.0,31.0,20.0,41.806999999999995
9,20171125014103,20171125030623,5120,59331.4,76.59999999999854,38.0,100.0,62.0,565.8,586.6,-99.0,-1.0,30.0,19.0,75.952
9,20171125123847,20171125130407,1520,59408.0,76.59999999999854,68.0,100.0,32.0,569.1,596.1,-198.0,-3.0,30.0,22.0,40.236
9,20171126003457,20171126015447,4790,59553.9,145.90000000000146,41.0,100.0,59.0,569.2,593.8,-198.0,-9.0,31.0,21.0,72.63600000000002
9,20171126132646,20171126141006,2600,59698.3,144.40000000000146,37.0,97.0,60.0,560.7,584.2,-198.0,-118.0,37.0,0.0,75.251
9,20171127014451,20171127031421,5370,59844.9,146.59999999999854,34.0,100.0,66.0,562.2,586.5,-99.0,-1.0,35.0,0.0,78.999
9,20171127143633,20171127145543,1150,59989.8,144.90000000000146,42.0,69.0,27.0,565.7,568.3,-198.0,-118.0,35.0,0.0,34.509
9,20171127225611,20171128015231,10580,60066.7,76.89999999999421,39.0,100.0,61.0,559.5,594.1,-39.0,-5.0,34.0,0.0,73.936
9,20171128133713,20171128141803,2450,60211.5,144.8000000000029,44.0,99.0,55.0,561.9,597.2,-198.0,0.0,38.0,26.0,69.464
9,20171129004018,20171129020258,4960,60357.9,146.40000000000146,38.0,100.0,62.0,559.1,587.4,-99.0,-1.0,38.0,27.0,74.695
9,20171129144254,20171129153014,2840,60501.7,143.79999999999563,34.0,100.0,66.0,560.1,592.9,-198.0,-4.0,43.0,0.0,80.68
9,20171129233114,20171130004824,4630,60577.8,76.10000000000579,65.0,100.0,35.0,556.8,600.4,-59.0,-9.0,38.0,30.0,42.753
9,20171130122753,20171130125213,1460,60652.3,74.5,68.0,100.0,32.0,564.5,595.9,-199.0,-6.0,37.0,29.0,40.604
9,20171130223013,20171130235203,4910,60798.1,145.79999999999563,40.0,100.0,60.0,557.2,591.2,-99.0,-1.0,38.0,27.0,74.063
9,20171201135407,20171201143717,2590,60943.0,144.90000000000146,42.0,100.0,58.0,562.1,594.8,-198.0,-4.0,38.0,25.0,72.893
9,20171201223249,20171201235339,4850,61088.9,145.90000000000146,41.0,100.0,59.0,557.2,588.8,-77.0,-1.0,37.0,0.0,72.862
9,20171202150135,20171202152035,1140,61235.2,146.29999999999563,40.0,68.0,28.0,560.2,572.2,-198.0,-199.0,35.0,25.0,35.736
9,20171202233055,20171203005315,4940,61311.8,76.60000000000579,38.0,100.0,62.0,563.0,589.8,-99.0,-3.0,36.0,0.0,75.828
9,20171203141412,20171203145812,2640,61455.9,144.09999999999854,40.0,100.0,60.0,562.3,597.1,-198.0,-7.0,39.0,26.0,74.732
9,20171203224312,20171204011712,9240,61602.7,146.79999999999563,43.0,100.0,57.0,554.6,587.3,-37.0,-1.0,36.0,0.0,70.47800000000002
9,20171204151718,20171204153528,1090,61765.9,163.20000000000437,40.0,66.0,26.0,562.7,572.0,-198.0,-198.0,35.0,25.0,34.063
9,20171205003935,20171205020345,5050,61842.5,76.59999999999854,38.0,100.0,62.0,568.6,590.1,-198.0,-8.0,34.0,0.0,75.631
9,20171205131658,20171205132644,586,61877.2,34.69999999999709,86.0,0.0,-86.0,564.6,0.0,-178.0,0.0,29.0,0.0,15.85
9,20171205232638,20171206004938,4980,62023.1,145.90000000000146,38.0,100.0,62.0,564.6,598.2,-198.0,-9.0,34.0,0.0,75.186
9,20171206132817,20171206141137,2600,62169.3,146.20000000000437,40.0,99.0,59.0,563.0,590.0,-199.0,-39.0,38.0,0.0,73.383
9,20171207014953,20171207030853,4740,62316.2,146.89999999999418,41.0,100.0,59.0,564.7,595.4,-99.0,-10.0,36.0,0.0,70.89699999999998
9,20171207143102,20171207145612,1510,62462.5,146.3000000000029,44.0,70.0,26.0,556.6,572.8,-99.0,-198.0,35.0,25.0,33.99
9,20171207221916,20171208011656,10660,62539.2,76.69999999999709,41.0,100.0,59.0,563.7,588.0,-118.0,-1.0,33.0,0.0,71.42
9,20171208134147,20171208142437,2570,62684.3,145.10000000000582,44.0,100.0,56.0,562.9,598.7,-198.0,-9.0,35.0,0.0,69.717
9,20171208225338,20171209001108,4650,62830.8,146.5,42.0,100.0,58.0,562.7,595.1,-99.0,-7.0,35.0,0.0,70.296
9,20171209145050,20171209151120,1230,62977.5,146.6999999999971,38.0,69.0,31.0,560.9,572.8,-198.0,-198.0,34.0,23.0,38.615
9,20171209230357,20171210012337,8380,63054.2,76.69999999999709,37.0,100.0,63.0,559.3,585.2,-59.0,-1.0,33.0,0.0,76.58
9,20171210122139,20171210124559,1460,63128.8,74.60000000000579,69.0,100.0,31.0,564.6,589.5,-198.0,-1.0,31.0,23.0,38.951
9,20171211005723,20171211021933,4930,63274.8,146.0,39.0,100.0,61.0,562.6,594.3,-99.0,-9.0,34.0,0.0,73.94800000000002
9,20171211135321,20171211143951,2790,63419.1,144.29999999999563,40.0,100.0,60.0,560.2,594.9,-197.0,-5.0,37.0,0.0,73.592
9,20171211231412,20171212002822,4450,63565.7,146.59999999999854,45.0,100.0,55.0,561.5,592.2,-99.0,-1.0,37.0,0.0,66.96
9,20171212150055,20171212151805,1030,63710.9,145.20000000000437,46.0,0.0,-46.0,560.1,0.0,-198.0,0.0,34.0,0.0,31.557
9,20171212225027,20171213001037,4810,63787.6,76.69999999999709,41.0,100.0,59.0,562.2,590.9,-99.0,-2.0,35.0,0.0,71.885
9,20171213140341,20171213144511,2490,63932.8,145.20000000000437,44.0,100.0,56.0,563.0,592.0,-199.0,-2.0,37.0,24.0,69.188
9,20171214003857,20171214015307,4450,64079.3,146.5,46.0,100.0,54.0,558.7,590.0,-79.0,-2.0,35.0,24.0,66.968
9,20171214152102,20171214153952,1130,64242.8,163.5,39.0,67.0,28.0,560.9,572.5,-198.0,-198.0,33.0,23.0,35.479
9,20171215004535,20171215021025,5090,64319.7,76.89999999999421,38.0,100.0,62.0,563.8,588.7,-99.0,-4.0,33.0,0.0,75.503
9,20171215123338,20171215131348,2410,64394.2,74.5,70.0,100.0,30.0,567.2,588.7,-199.0,-4.0,30.0,23.0,36.884
9,20171215230228,20171216002548,5000,64540.2,146.0,38.0,100.0,62.0,564.1,586.9,-198.0,-1.0,32.0,21.0,75.547
9,20171216133330,20171216141000,2190,64685.2,145.0,40.0,94.0,54.0,558.2,583.3,-198.0,-190.0,33.0,19.0,68.21300000000001
9,20171216224130,20171217000930,5280,64831.4,146.20000000000437,35.0,100.0,65.0,558.0,592.4,-99.0,-8.0,32.0,19.0,80.76100000000002
9,20171217144541,20171217145631,650,64976.7,145.29999999999563,39.0,0.0,-39.0,566.1,0.0,-191.0,0.0,26.0,0.0,19.863
9,20171217224409,20171218021029,12380,65053.6,76.90000000000146,23.0,100.0,77.0,552.7,593.5,-31.0,-7.0,31.0,0.0,95.635
9,20171218134151,20171218142831,2800,65198.6,145.0,39.0,99.0,60.0,557.0,591.1,-190.0,-38.0,33.0,0.0,77.86
9,20171219005729,20171219021529,4680,65344.8,146.20000000000437,44.0,100.0,56.0,564.4,597.0,-99.0,-8.0,30.0,0.0,70.53699999999998
9,20171219144750,20171219150440,1010,65490.1,145.29999999999563,43.0,67.0,24.0,566.6,573.5,-199.0,-198.0,29.0,19.0,31.778000000000002
9,20171219223108,20171220005508,8640,65566.5,76.40000000000146,36.0,99.0,63.0,559.2,602.4,-59.0,-39.0,29.0,19.0,79.551
9,20171220123208,20171220125808,1560,65641.1,74.60000000000579,70.0,100.0,30.0,563.6,594.1,-199.0,-2.0,28.0,19.0,40.806999999999995
9,20171220223948,20171220235948,4800,65787.2,146.09999999999133,44.0,100.0,56.0,557.2,587.2,-99.0,-1.0,32.0,21.0,71.967
9,20171221134605,20171221143225,2780,65932.4,145.1999999999971,43.0,100.0,57.0,561.0,596.8,-199.0,-9.0,35.0,0.0,75.601
9,20171221224632,20171222011102,8670,66080.7,148.3000000000029,46.0,100.0,54.0,558.3,588.2,-82.0,-1.0,32.0,0.0,67.58
9,20171222150239,20171222151959,1040,66226.0,145.3000000000029,46.0,70.0,24.0,561.6,572.8,-198.0,-197.0,33.0,24.0,32.54
9,20171222224815,20171223001515,5220,66302.8,76.80000000000291,38.0,100.0,62.0,561.9,593.8,-99.0,-9.0,35.0,0.0,77.59899999999998
9,20171223141405,20171223145555,2510,66448.0,145.1999999999971,44.0,99.0,55.0,562.2,599.9,-199.0,-38.0,37.0,0.0,71.068
9,20171224005414,20171224020824,4450,66594.7,146.6999999999971,46.0,100.0,54.0,554.6,594.4,-36.0,-9.0,35.0,0.0,66.876
9,20171224153641,20171224155311,990,66758.3,163.60000000000582,38.0,60.0,22.0,557.2,569.7,-198.0,-198.0,35.0,26.0,30.936999999999998
9,20171225004949,20171225021719,5250,66835.1,76.80000000000291,32.0,100.0,68.0,561.3,591.0,-99.0,-7.0,36.0,24.0,85.28200000000002
9,20171225124047,20171225130517,1470,66909.7,74.59999999999127,70.0,100.0,30.0,566.9,592.4,-198.0,-1.0,32.0,0.0,37.732
9,20171226003547,20171226015407,4700,67055.8,146.10000000000582,44.0,100.0,56.0,562.7,593.7,-99.0,-8.0,33.0,0.0,70.741
9,20171226132053,20171226140433,2620,67200.9,145.09999999999133,46.0,98.0,52.0,555.7,581.6,-198.0,0.0,36.0,0.0,68.903
9,20171228135155,20171228142935,2260,67714.6,513.7000000000116,47.0,99.0,52.0,560.2,579.4,-198.0,0.0,37.0,24.0,66.955
9,20171229004520,20171229013700,3100,67803.1,88.5,64.0,100.0,36.0,563.4,585.4,-99.0,-1.0,33.0,0.0,45.56399999999999
9,20171229144902,20171229145752,530,67949.2,146.09999999999133,44.0,56.0,12.0,560.8,568.3,-198.0,-198.0,33.0,0.0,16.008
9,20171229225412,20171230003002,5750,68026.0,76.80000000000291,28.0,100.0,72.0,563.4,589.2,-198.0,-1.0,38.0,0.0,91.641
9,20171230123419,20171230125639,1340,68101.1,75.10000000000579,72.0,100.0,28.0,566.3,596.3,-199.0,-4.0,34.0,26.0,36.358000000000004
9,20171230224559,20171230235449,4130,68248.6,147.5,44.0,94.0,50.0,563.5,574.6,-198.0,-99.0,35.0,0.0,64.569
9,20171231225418,20180101013438,9620,68541.5,292.8999999999942,41.0,100.0,59.0,554.6,587.9,-42.0,-1.0,34.0,0.0,74.73100000000002
9,20180101151418,20180101152508,650,68686.7,145.1999999999971,41.0,56.0,15.0,561.7,568.9,-198.0,-198.0,32.0,24.0,20.294
9,20180102012224,20180102030144,5960,68763.5,76.80000000000291,24.0,100.0,76.0,557.8,591.0,-99.0,-9.0,36.0,0.0,94.721
9,20180102141039,20180102145359,2600,68908.8,145.3000000000029,44.0,100.0,56.0,561.1,588.1,-199.0,-1.0,39.0,26.0,72.257
9,20180102225140,20180103012540,9240,69055.9,147.09999999999133,44.0,100.0,56.0,555.0,593.8,-37.0,-2.0,36.0,0.0,70.619
9,20180103151638,20180103152218,340,69201.3,145.40000000000867,45.0,0.0,-45.0,560.9,0.0,-198.0,0.0,33.0,0.0,9.186
9,20180104005135,20180104022215,5440,69278.1,76.80000000000291,22.0,100.0,78.0,556.4,591.5,-99.0,-5.0,38.0,0.0,94.913
9,20180104123809,20180104130119,1390,69353.0,74.89999999999421,70.0,100.0,30.0,564.5,596.5,-198.0,-1.0,36.0,28.0,37.777
9,20180104231739,20180105003549,4690,69499.2,146.1999999999971,44.0,100.0,56.0,558.0,592.0,-99.0,-2.0,37.0,27.0,70.699
9,20180105011209,20180105011239,30,69499.2,0.0,98.0,100.0,2.0,577.9,592.0,-99.0,-9.0,37.0,31.0,0.23
9,20180105132436,20180105140446,2410,69644.4,145.1999999999971,43.0,0.0,-43.0,562.3,0.0,-198.0,0.0,36.0,0.0,67.07300000000001
9,20180106143644,20180106144744,660,69937.2,292.8000000000028,39.0,54.0,15.0,559.2,570.6,-190.0,-198.0,28.0,0.0,20.342
9,20180106235748,20180107024838,10250,70014.3,77.10000000000579,20.0,100.0,80.0,552.8,590.0,-50.0,-1.0,32.0,0.0,97.486
9,20180107133946,20180107142246,2580,70159.8,145.5,44.0,100.0,56.0,563.2,588.8,-199.0,-3.0,34.0,20.0,70.90899999999998
9,20180107235840,20180108020930,7850,70306.3,146.5,42.0,100.0,58.0,559.5,586.0,-59.0,-2.0,32.0,0.0,71.595
9,20180108235310,20180109034742,14072,70528.9,222.59999999999127,20.0,100.0,80.0,559.4,590.6,-88.0,-3.0,33.0,0.0,96.475
9,20180111000638,20180111024118,9280,70825.1,296.20000000001164,40.0,100.0,60.0,557.9,590.8,-50.0,-1.0,29.0,0.0,70.962
9,20180112141342,20180112145422,2440,71409.8,659.9000000000087,46.0,0.0,-46.0,563.5,0.0,-191.0,0.0,32.0,0.0,68.28399999999999
9,20180113001339,20180113025049,9430,71557.2,147.39999999999418,40.0,100.0,60.0,553.5,591.5,-21.0,-3.0,29.0,19.0,73.046
9,20180113152519,20180113153549,630,71722.1,164.90000000000867,34.0,50.0,16.0,560.9,569.5,-198.0,-198.0,28.0,20.0,19.738
9,20180114025748,20180114041328,4540,71799.1,77.0,20.0,100.0,80.0,557.5,586.6,-99.0,-1.0,34.0,0.0,99.486
9,20180114124529,20180114130839,1390,71875.6,76.5,70.0,0.0,-70.0,565.8,0.0,-199.0,0.0,32.0,0.0,38.334
9,20180114234745,20180115010945,4920,72024.1,148.5,40.0,100.0,60.0,563.9,586.1,-98.0,-1.0,33.0,0.0,73.176
9,20180115133343,20180115141043,2220,72169.6,145.5,42.0,0.0,-42.0,559.4,0.0,-199.0,0.0,36.0,0.0,68.29899999999999
9,20180116001233,20180116013303,4830,72315.9,146.29999999998842,42.0,100.0,58.0,562.5,592.0,-99.0,-9.0,35.0,0.0,71.123
9,20180116144303,20180116145323,620,72462.6,146.70000000001158,45.0,60.0,15.0,559.7,570.1,-199.0,-198.0,31.0,23.0,19.44
9,20180116235251,20180117030751,11700,72540.8,78.19999999999709,33.0,100.0,67.0,560.0,592.1,-39.0,-4.0,32.0,0.0,82.662
9,20180117134120,20180117141730,2170,72685.2,144.39999999999418,48.0,0.0,-48.0,561.6,0.0,-198.0,0.0,36.0,0.0,64.055
9,20180118021657,20180118033347,4610,72832.4,147.1999999999971,45.0,100.0,55.0,563.9,590.4,-99.0,-6.0,34.0,0.0,67.943
9,20180118145657,20180118150337,400,72977.9,145.5,44.0,53.0,9.0,559.8,568.0,-197.0,-198.0,33.0,0.0,12.149000000000001
9,20180119000121,20180119025011,10130,73054.9,77.0,25.0,100.0,75.0,555.0,591.1,-59.0,-1.0,35.0,0.0,92.74700000000001
9,20180120000042,20180120001502,860,73063.0,8.100000000005819,96.0,100.0,4.0,562.1,599.8,-35.0,-9.0,25.0,23.0,6.545
9,20180120135700,20180120143750,2450,73208.5,145.5,45.0,0.0,-45.0,561.7,0.0,-198.0,0.0,36.0,0.0,65.128
9,20180120235651,20180121022511,8900,73355.9,147.39999999999418,44.0,100.0,56.0,555.6,588.7,-38.0,-1.0,35.0,0.0,69.11399999999999
9,20180121150541,20180121151631,650,73502.6,146.70000000001158,44.0,59.0,15.0,562.1,569.0,-199.0,-198.0,34.0,26.0,20.324
9,20180122000107,20180122013737,5790,73579.6,77.0,30.0,100.0,70.0,559.6,593.5,-99.0,-9.0,37.0,0.0,86.84299999999998
9,20180123000519,20180123023439,8960,73870.7,291.09999999999127,44.0,100.0,56.0,557.4,592.3,-50.0,-2.0,36.0,0.0,68.345
9,20180124130652,20180124131112,260,74185.7,315.0,98.0,100.0,2.0,584.6,591.1,-119.0,-1.0,34.0,29.0,2.028
9,20180125022502,20180125034342,4720,74334.4,148.6999999999971,43.0,100.0,57.0,565.4,591.5,-99.0,-6.0,34.0,0.0,70.658
9,20180125132741,20180125140811,2430,74479.8,145.40000000000867,47.0,100.0,53.0,555.8,593.0,-177.0,-2.0,37.0,24.0,67.475
9,20180126020316,20180126031406,4250,74628.4,148.59999999999133,47.0,100.0,53.0,559.9,587.5,-99.0,-1.0,35.0,24.0,67.118
9,20180126144443,20180126145803,800,74774.0,145.60000000000582,42.0,60.0,18.0,562.1,559.9,-198.0,0.0,31.0,21.0,24.29300000000001
9,20180127134311,20180127142521,2530,74996.7,222.6999999999971,45.0,99.0,54.0,558.4,604.0,-198.0,-38.0,33.0,20.0,70.193
9,20180128021658,20180128033602,4744,75144.1,147.40000000000867,43.0,100.0,57.0,564.2,588.7,-99.0,-1.0,31.0,0.0,70.663
9,20180128145309,20180128145759,290,75289.8,145.6999999999971,42.0,0.0,-42.0,561.9,0.0,-190.0,0.0,25.0,0.0,8.227
9,20180129123557,20180129130437,1720,75441.8,152.0,67.0,98.0,31.0,559.9,585.7,-121.0,-138.0,33.0,14.0,39.485
9,20180129130707,20180129130837,90,75441.8,0.0,98.0,0.0,-98.0,575.3,0.0,-168.0,0.0,31.0,0.0,0.9179999999999999
9,20180130024809,20180130041929,5480,75588.6,146.8000000000029,36.0,100.0,64.0,565.8,588.6,-87.0,-3.0,33.0,0.0,79.194
9,20180130140612,20180130144532,2360,75734.4,145.79999999998842,37.0,85.0,48.0,557.3,567.5,-134.0,0.0,35.0,15.0,61.097
9,20180130181512,20180130181932,260,75804.5,70.10000000000582,56.0,59.0,3.0,554.0,566.1,-119.0,-119.0,31.0,16.0,4.84
9,20180131002550,20180131034650,12060,75881.2,76.69999999999709,25.0,100.0,75.0,551.5,592.2,-30.0,-9.0,33.0,0.0,91.03
9,20180131152023,20180131153353,810,76027.1,145.90000000000867,44.0,60.0,16.0,565.5,571.4,-118.0,-198.0,33.0,16.0,19.848
9,20180201000021,20180201013511,5690,76104.1,77.0,27.0,100.0,73.0,560.7,589.8,-88.0,-8.0,34.0,0.0,90.39399999999999
9,20180202152947,20180202153007,20,76542.7,438.59999999999116,37.0,37.0,0.0,558.1,562.0,-134.0,-134.0,23.0,16.0,0.41700000000000004
9,20180203124104,20180203131414,1990,76723.3,180.60000000000585,58.0,98.0,40.0,568.1,583.3,-179.0,-44.0,30.0,0.0,47.403
9,20180204132534,20180204140924,2630,77015.5,145.60000000000582,39.0,94.0,55.0,559.1,572.9,-135.0,0.0,33.0,0.0,70.016
9,20180205021904,20180205035114,5530,77163.1,147.60000000000582,36.0,100.0,64.0,563.6,593.1,-90.0,-9.0,32.0,0.0,80.251
9,20180205235710,20180206005150,3280,77193.7,30.59999999999127,86.0,100.0,14.0,573.2,602.4,-103.0,-2.0,30.0,14.0,17.908
9,20180207145104,20180207145734,390,77556.4,362.6999999999971,40.0,48.0,8.0,567.8,560.8,-174.0,0.0,25.0,18.0,10.559000000000001
9,20180208021440,20180208041210,7050,77632.3,75.90000000000873,16.0,100.0,84.0,555.6,589.6,-90.0,-9.0,33.0,0.0,103.72200000000001
9,20180208123344,20180208124544,720,77706.4,74.09999999999127,82.0,98.0,16.0,574.6,588.0,-179.0,-118.0,31.0,24.0,20.184
9,20180209000724,20180209012804,4840,77851.5,145.10000000000582,41.0,100.0,59.0,562.9,589.2,-99.0,-2.0,32.0,0.0,72.176
9,20180209140539,20180209144309,2250,77995.0,143.5,53.0,98.0,45.0,569.5,590.2,-198.0,0.0,35.0,0.0,54.847
9,20180210001109,20180210024019,8950,78140.1,145.10000000000582,44.0,100.0,56.0,555.8,587.4,-39.0,-1.0,30.0,0.0,68.387
9,20180210150353,20180210151323,570,78283.4,143.29999999998842,49.0,63.0,14.0,569.1,571.8,-198.0,-197.0,31.0,23.0,17.849
9,20180211003016,20180211020356,5620,78359.2,75.80000000000291,32.0,100.0,68.0,563.9,590.3,-99.0,-9.0,31.0,0.0,83.99
9,20180212000332,20180212013752,5660,78647.7,288.5,43.0,100.0,57.0,557.3,588.3,-50.0,-2.0,32.0,0.0,70.508
9,20180213020935,20180213033045,4870,78867.0,219.3000000000029,19.0,100.0,81.0,563.6,588.5,-198.0,-4.0,34.0,0.0,102.00299999999999
9,20180214130831,20180214140151,3200,79229.3,362.3000000000029,42.0,98.0,56.0,560.3,566.3,-199.0,-1.0,37.0,24.0,74.163
9,20180215001209,20180215013329,4880,79374.3,145.0,40.0,100.0,60.0,562.0,592.1,-99.0,-3.0,36.0,25.0,73.641
9,20180215235707,20180216014357,6410,79593.3,219.0,23.0,100.0,77.0,562.2,588.9,-197.0,-1.0,36.0,0.0,95.458
9,20180218000614,20180218015754,6700,80031.6,438.3000000000029,17.0,100.0,83.0,554.7,586.6,-99.0,-1.0,35.0,0.0,102.165
9,20180219015315,20180219033605,6170,80250.8,219.1999999999971,20.0,100.0,80.0,555.1,594.2,-99.0,-9.0,36.0,0.0,100.76299999999999
9,20180219134316,20180219141536,1940,80394.2,143.39999999999418,43.0,91.0,48.0,561.2,575.6,-199.0,-191.0,40.0,29.0,60.308
9,20180219234722,20180220021952,9150,80539.2,145.0,43.0,100.0,57.0,558.1,594.4,-78.0,-2.0,38.0,0.0,70.166
9,20180221000109,20180221015319,6730,80758.4,219.1999999999971,19.0,100.0,81.0,560.1,586.6,-198.0,-1.0,38.0,0.0,101.007
9,20180221140152,20180221141512,800,80901.9,143.5,50.0,70.0,20.0,567.9,572.3,-199.0,-198.0,35.0,26.0,25.107
9,20180222000114,20180222014714,6360,81047.0,145.10000000000582,24.0,100.0,76.0,550.3,588.3,-40.0,-1.0,35.0,23.0,94.76299999999999
9,20180222234204,20180223013114,6550,81266.7,219.6999999999971,24.0,100.0,76.0,558.7,591.7,-90.0,-9.0,33.0,0.0,96.40899999999999
9,20180223125048,20180223125838,470,81340.9,74.19999999999709,94.0,100.0,6.0,580.2,588.3,-178.0,-1.0,29.0,0.0,6.37
9,20180224020302,20180224032242,4780,81487.5,146.60000000000582,44.0,100.0,56.0,570.0,587.2,-198.0,-1.0,31.0,0.0,71.33
9,20180224132021,20180224140441,2660,81630.8,143.3000000000029,44.0,100.0,56.0,562.3,595.7,-198.0,-8.0,35.0,22.0,72.006
9,20180225015624,20180225031354,4650,81776.1,145.3000000000029,44.0,100.0,56.0,562.4,594.7,-99.0,-9.0,34.0,24.0,70.257
9,20180225143611,20180225144801,710,81919.7,143.59999999999133,45.0,0.0,-45.0,561.4,0.0,-198.0,0.0,32.0,0.0,21.136
9,20180227000208,20180227023208,9000,82284.6,364.90000000000884,43.0,100.0,57.0,557.0,588.4,-50.0,-4.0,34.0,0.0,71.628
9,20180227144944,20180227145224,160,82428.3,143.6999999999971,45.0,0.0,-45.0,562.1,0.0,-198.0,0.0,30.0,0.0,4.495
9,20180227235127,20180228030017,11330,82504.2,75.89999999999421,18.0,100.0,82.0,549.5,595.0,-59.0,-9.0,35.0,0.0,103.67399999999999
9,20180228122512,20180228124252,1060,82578.4,74.19999999999709,72.0,98.0,26.0,566.2,584.8,-198.0,-177.0,35.0,28.0,32.466
9,20180228234750,20180301010610,4700,82723.6,145.20000000001158,45.0,100.0,55.0,561.5,586.6,-99.0,-3.0,38.0,0.0,70.137
9,20180301134314,20180301143244,2970,82867.1,143.5,30.0,0.0,-30.0,556.9,0.0,-198.0,0.0,45.0,0.0,89.06299999999996
9,20180302021519,20180302033719,4920,83012.5,145.39999999999418,41.0,100.0,59.0,561.7,591.2,-99.0,-3.0,39.0,0.0,73.472
9,20180302151135,20180302151905,450,83156.1,143.60000000000582,49.0,60.0,11.0,561.5,567.9,-198.0,-197.0,37.0,30.0,14.015
9,20180302235444,20180303012924,5680,83232.0,75.89999999999421,32.0,100.0,68.0,561.4,591.5,-99.0,-9.0,39.0,28.0,85.28
9,20180303142148,20180303145108,1760,83375.6,143.60000000000582,48.0,90.0,42.0,558.8,575.3,-198.0,-191.0,40.0,29.0,54.765
9,20180304151711,20180304153231,920,83664.8,289.1999999999972,39.0,0.0,-39.0,560.0,0.0,-198.0,0.0,39.0,0.0,27.904
9,20180305021636,20180305035236,5760,83742.0,77.19999999999709,31.0,100.0,69.0,564.5,590.1,-198.0,-2.0,39.0,0.0,86.60700000000001
9,20180306134509,20180306141139,1590,84106.3,364.3000000000029,70.0,100.0,30.0,571.7,592.3,-198.0,-3.0,40.0,0.0,37.137
9,20180307020836,20180307033216,5020,84251.0,144.6999999999971,40.0,100.0,60.0,562.0,594.3,-99.0,-7.0,37.0,0.0,75.631
9,20180307143630,20180307144830,720,84393.8,142.8000000000029,42.0,59.0,17.0,561.4,568.3,-198.0,-198.0,36.0,27.0,22.484
9,20180308020743,20180308034623,5920,84469.4,75.59999999999127,30.0,100.0,70.0,561.7,584.7,-99.0,-1.0,34.0,0.0,88.436
9,20180308134528,20180308141328,1680,84613.2,143.8000000000029,40.0,78.0,38.0,564.9,574.3,-118.0,-198.0,35.0,0.0,48.917
9,20180309000148,20180309012828,5200,84758.0,144.8000000000029,38.0,100.0,62.0,558.3,592.1,-99.0,-8.0,32.0,18.0,77.818
9,20180309144909,20180309150519,970,84901.0,143.0,38.0,60.0,22.0,561.1,561.7,-198.0,0.0,31.0,22.0,29.923000000000002
9,20180309234318,20180310022418,9660,84977.1,76.10000000000579,30.0,100.0,70.0,555.7,585.2,-59.0,-2.0,32.0,0.0,88.15
9,20180311022325,20180311034745,5060,84977.1,0.0,40.0,100.0,60.0,563.8,591.4,-99.0,-2.0,34.0,0.0,75.38600000000002
9,20180311135125,20180311143815,2810,85344.0,366.8999999999942,39.0,100.0,61.0,559.6,589.3,-198.0,-2.0,39.0,26.0,78.859
9,20180312145709,20180312151339,990,85632.7,143.0,38.0,0.0,-38.0,558.4,0.0,-199.0,0.0,37.0,0.0,29.826
9,20180312233529,20180313011659,6090,85708.3,75.60000000000579,28.0,100.0,72.0,557.6,591.2,-99.0,-9.0,39.0,0.0,91.118
9,20180313140929,20180313144859,2370,85851.1,142.8000000000029,38.0,0.0,-38.0,559.7,0.0,-198.0,0.0,42.0,0.0,72.258
9,20180314000255,20180314025155,10140,85996.5,145.39999999999418,39.0,100.0,61.0,554.0,590.2,-25.0,-1.0,38.0,0.0,77.18
9,20180314151908,20180314152148,160,86140.4,143.89999999999418,46.0,0.0,-46.0,559.4,0.0,-198.0,0.0,33.0,0.0,4.172
9,20180315021633,20180315040503,6510,86216.5,76.10000000000579,19.0,100.0,81.0,555.4,592.4,-99.0,-5.0,38.0,0.0,100.55
9,20180316133035,20180316140755,2240,86579.0,362.5,43.0,97.0,54.0,558.7,582.2,-198.0,-118.0,42.0,29.0,69.127
9,20180317001000,20180317013740,5260,86724.7,145.6999999999971,37.0,100.0,63.0,560.2,592.8,-99.0,-4.0,41.0,0.0,78.741
9,20180317143944,20180317144714,450,86868.7,144.0,43.0,53.0,10.0,561.3,558.5,-198.0,0.0,34.0,27.0,13.550999999999998
9,20180318000245,20180318033135,12530,86944.8,76.10000000000579,23.0,100.0,77.0,552.8,594.0,-39.0,-6.0,35.0,0.0,93.978
9,20180318134150,20180318142950,2880,87087.9,143.09999999999133,40.0,100.0,60.0,561.8,589.7,-198.0,-1.0,41.0,0.0,75.468
9,20180319021644,20180319033454,4690,87233.6,145.70000000001158,43.0,100.0,57.0,561.9,593.9,-99.0,-8.0,37.0,28.0,70.632
9,20180319150032,20180319151702,990,87376.8,143.1999999999971,38.0,0.0,-38.0,559.9,0.0,-198.0,0.0,37.0,0.0,29.734
9,20180320002544,20180320040244,13020,87452.6,75.80000000000291,30.0,100.0,70.0,561.3,589.4,-118.0,-1.0,34.0,0.0,84.542
9,20180320123641,20180320130121,1480,87526.7,74.09999999999127,69.0,100.0,31.0,560.7,594.4,-198.0,-2.0,33.0,24.0,40.019
9,20180321000921,20180321013301,5020,87672.1,145.40000000000867,39.0,100.0,61.0,559.7,589.2,-99.0,-2.0,33.0,23.0,75.266
9,20180321135752,20180321144222,2670,87816.2,144.09999999999133,41.0,100.0,59.0,562.8,594.3,-198.0,-3.0,35.0,23.0,74.711
9,20180322000159,20180322024209,9610,87962.0,145.8000000000029,40.0,100.0,60.0,556.3,592.3,-46.0,-3.0,34.0,0.0,73.08
9,20180322150747,20180322151437,410,88106.1,144.10000000000582,44.0,54.0,10.0,561.4,568.1,-197.0,-198.0,32.0,26.0,12.788
9,20180322235830,20180323014120,6170,88182.3,76.19999999999709,25.0,100.0,75.0,558.6,590.5,-99.0,-8.0,37.0,0.0,92.4
9,20180323140811,20180323142811,1200,88326.3,144.0,43.0,72.0,29.0,560.0,571.9,-198.0,-198.0,37.0,28.0,37.488
9,20180323143521,20180323144911,830,88326.3,0.0,72.0,92.0,20.0,567.0,577.2,-198.0,-189.0,39.0,32.0,25.461
9,20180324000727,20180324030317,10550,88472.1,145.8000000000029,34.0,100.0,66.0,553.4,597.2,-25.0,-9.0,37.0,0.0,80.544
9,20180324123120,20180324123830,430,88546.7,74.59999999999127,74.0,84.0,10.0,567.5,566.5,-198.0,0.0,33.0,0.0,12.446
9,20180324152620,20180324152920,180,88614.9,68.19999999999709,56.0,0.0,-56.0,561.9,0.0,-199.0,0.0,34.0,0.0,5.126
9,20180324235010,20180325012940,5970,88690.8,75.90000000000873,27.0,100.0,73.0,557.1,591.9,-99.0,-3.0,38.0,27.0,90.052
9,20180325123957,20180325124827,510,88765.3,74.5,70.0,83.0,13.0,567.5,573.6,-198.0,-189.0,34.0,28.0,15.865
9,20180326021837,20180326035857,6020,88911.2,145.89999999999418,26.0,100.0,74.0,563.8,591.3,-197.0,-9.0,36.0,0.0,90.67200000000001
9,20180326132554,20180326135714,1880,89055.1,143.90000000000867,42.0,88.0,46.0,560.6,574.4,-199.0,-191.0,40.0,29.0,58.566
9,20180327022432,20180327035612,5500,89202.3,147.1999999999971,34.0,100.0,66.0,561.1,591.4,-99.0,-2.0,38.0,0.0,81.78
9,20180327143431,20180327144721,770,89345.9,143.59999999999133,44.0,0.0,-44.0,557.1,0.0,-199.0,0.0,38.0,0.0,23.553
9,20180328021441,20180328034751,5590,89421.8,75.90000000000873,32.0,100.0,68.0,561.4,585.4,-99.0,-1.0,39.0,0.0,83.369
9,20180328134606,20180328141826,1940,89567.2,145.39999999999418,44.0,91.0,47.0,560.6,575.9,-198.0,-191.0,42.0,30.0,60.262
9,20180329000705,20180329015715,6610,89655.0,87.8000000000029,59.0,100.0,41.0,556.0,590.6,-39.0,-1.0,36.0,0.0,50.38800000000001
9,20180329145955,20180329150945,590,89799.2,144.1999999999971,39.0,0.0,-39.0,560.9,0.0,-197.0,0.0,36.0,0.0,17.233
9,20180330000446,20180330030016,10530,89875.5,76.30000000000291,22.0,100.0,78.0,552.4,593.5,-59.0,-4.0,37.0,0.0,96.14399999999999
9,20180330123504,20180330125704,1320,89949.5,74.0,71.0,98.0,27.0,564.7,591.6,-198.0,0.0,37.0,0.0,36.596
9,20180331135122,20180331143032,2350,90238.5,289.0,36.0,0.0,-36.0,556.2,0.0,-198.0,0.0,44.0,0.0,67.626
9,20180401000249,20180401032049,11880,90384.4,145.89999999999418,26.0,100.0,74.0,550.2,590.8,-40.0,-1.0,39.0,0.0,90.494
9,20180401150933,20180401152153,740,90528.6,144.20000000001158,38.0,0.0,-38.0,557.6,0.0,-198.0,0.0,39.0,0.0,22.283
9,20180402000419,20180402030609,10910,90604.8,76.19999999999709,19.0,100.0,81.0,550.5,596.1,-59.0,-9.0,40.0,0.0,99.8
9,20180402140757,20180402145557,2880,90748.9,144.09999999999133,37.0,100.0,63.0,560.3,600.7,-198.0,-6.0,44.0,0.0,79.513
9,20180403000004,20180403025814,10690,90894.0,145.10000000000582,34.0,100.0,66.0,555.4,589.8,-46.0,-1.0,40.0,0.0,81.399
9,20180403152313,20180403153703,830,91037.1,143.10000000000582,37.0,57.0,20.0,560.7,567.1,-198.0,-197.0,40.0,32.0,25.813000000000002
9,20180403160323,20180403160743,260,91044.0,6.899999999994179,55.0,61.0,6.0,557.7,570.6,-79.0,-238.0,41.0,35.0,9.33
9,20180404022201,20180404040631,6270,91124.5,80.5,24.0,100.0,76.0,555.9,592.2,-99.0,-2.0,41.0,0.0,94.14299999999999
9,20180404123630,20180404125810,1300,91198.2,73.69999999999709,66.0,0.0,-66.0,560.5,0.0,-198.0,0.0,40.0,0.0,38.978
9,20180405000450,20180405015510,6620,91342.8,144.60000000000582,19.0,100.0,81.0,554.3,592.0,-98.0,-9.0,43.0,0.0,99.444
9,20180405132043,20180405135633,2150,91485.5,142.6999999999971,32.0,82.0,50.0,558.9,567.5,-198.0,-95.0,45.0,0.0,62.725
9,20180405135723,20180405140653,570,91485.5,0.0,82.0,96.0,14.0,568.6,581.2,-190.0,-189.0,46.0,39.0,17.254
9,20180406021804,20180406040234,6270,91629.4,143.89999999999418,23.0,100.0,77.0,555.9,591.2,-99.0,-7.0,42.0,0.0,93.805
9,20180406144244,20180406145604,800,91773.5,144.10000000000582,43.0,63.0,20.0,561.0,570.0,-198.0,-198.0,36.0,26.0,24.964000000000002
9,20180407000840,20180407032210,11610,91849.1,75.60000000000579,35.0,100.0,65.0,564.3,587.8,-119.0,-2.0,30.0,0.0,79.342
9,20180407133829,20180407142029,2520,91992.0,142.89999999999418,38.0,0.0,-38.0,562.7,0.0,-198.0,0.0,36.0,0.0,75.454
9,20180408000729,20180408013139,5050,92136.2,144.1999999999971,40.0,100.0,60.0,558.3,589.3,-99.0,-2.0,35.0,0.0,75.093
9,20180408145305,20180408150305,600,92279.1,142.90000000000867,39.0,0.0,-39.0,561.4,0.0,-198.0,0.0,33.0,0.0,17.883
9,20180408235950,20180409025510,10520,92354.7,75.59999999999127,21.0,100.0,79.0,552.1,592.4,-59.0,-3.0,36.0,0.0,96.197
9,20180409123330,20180409125150,1100,92428.5,73.80000000000291,69.0,0.0,-69.0,563.8,0.0,-198.0,0.0,35.0,0.0,32.417
9,20180410022011,20180410034821,5290,92573.1,144.60000000000582,36.0,100.0,64.0,561.9,592.6,-99.0,-9.0,37.0,0.0,79.265
9,20180410134808,20180410143728,2960,92716.0,142.89999999999418,30.0,0.0,-30.0,555.3,0.0,-198.0,0.0,45.0,0.0,82.34
9,20180411000712,20180411030132,10460,92860.6,144.60000000000582,35.0,99.0,64.0,554.9,604.0,-40.0,-39.0,39.0,0.0,79.574
9,20180411151208,20180411152828,980,93003.5,142.89999999999418,38.0,62.0,24.0,557.5,561.7,-198.0,0.0,40.0,0.0,29.795
9,20180412001305,20180412014745,5680,93079.1,75.60000000000579,30.0,100.0,70.0,559.7,595.6,-198.0,-5.0,41.0,0.0,85.79899999999998
9,20180412140205,20180412144415,2530,93221.3,142.1999999999971,40.0,99.0,59.0,557.9,584.3,-198.0,-39.0,44.0,31.0,74.329
9,20180413001326,20180413024436,9070,93365.9,144.59999999999133,43.0,100.0,57.0,555.4,591.1,-36.0,-2.0,40.0,0.0,68.81
9,20180413113948,20180413120338,1430,93441.1,75.20000000001164,68.0,0.0,-68.0,565.8,0.0,-198.0,0.0,39.0,0.0,39.071
9,20180414001135,20180414013925,5270,93585.7,144.59999999999133,27.0,100.0,73.0,558.6,588.8,-98.0,-1.0,42.0,0.0,88.45
9,20180414124912,20180414131802,1730,93659.7,74.0,62.0,100.0,38.0,554.3,593.2,-124.0,-3.0,41.0,33.0,48.71100000000001
9,20180415000012,20180415013442,5670,93803.9,144.1999999999971,31.0,100.0,69.0,561.6,591.3,-199.0,-7.0,38.0,0.0,84.977
9,20180415132744,20180415141434,2810,93946.9,143.0,38.0,0.0,-38.0,562.6,0.0,-198.0,0.0,37.0,0.0,78.04
9,20180416000659,20180416013449,5270,94091.0,144.10000000000582,36.0,100.0,64.0,561.8,590.3,-99.0,-2.0,36.0,0.0,78.791
9,20180416143745,20180416145225,880,94234.4,143.39999999999418,38.0,60.0,22.0,558.8,562.7,-199.0,0.0,31.0,0.0,26.999000000000002
9,20180417000007,20180417032617,12370,94310.2,75.80000000000291,27.0,100.0,73.0,555.0,592.2,-39.0,-6.0,30.0,0.0,89.22
9,20180417134041,20180417142451,2650,94453.3,143.10000000000582,38.0,0.0,-38.0,562.1,0.0,-198.0,0.0,38.0,0.0,77.472
9,20180418021949,20180418034309,5000,94597.7,144.39999999999418,35.0,100.0,65.0,561.5,591.7,-99.0,-3.0,39.0,0.0,80.76
9,20180418145005,20180418150455,890,94740.7,143.0,38.0,0.0,-38.0,558.9,0.0,-198.0,0.0,38.0,0.0,26.963
9,20180419000118,20180419025148,10230,94816.4,75.69999999999709,25.0,100.0,75.0,552.7,585.1,-59.0,-4.0,38.0,0.0,93.289
9,20180419122607,20180419125217,1570,94890.3,73.90000000000873,66.0,100.0,34.0,558.4,596.3,-199.0,-2.0,38.0,30.0,43.791000000000004
9,20180420000406,20180420013716,5590,95034.8,144.5,33.0,100.0,67.0,555.1,588.4,-99.0,-1.0,39.0,28.0,84.181
9,20180420135041,20180420143331,2570,95178.0,143.1999999999971,43.0,100.0,57.0,561.9,593.0,-199.0,-2.0,41.0,28.0,72.342
9,20180421021730,20180421034440,5230,95322.6,144.60000000000582,36.0,100.0,64.0,561.5,595.8,-99.0,-9.0,39.0,0.0,79.068
9,20180421150727,20180421152947,1340,95465.8,143.1999999999971,39.0,0.0,-39.0,560.5,561.9,-198.0,0.0,40.0,0.0,40.788000000000004
9,20180422000051,20180422012701,5170,95541.5,75.69999999999709,37.0,100.0,63.0,562.5,594.3,-99.0,-2.0,40.0,0.0,77.461
9,20180422141300,20180422145610,2590,95684.7,143.1999999999971,35.0,97.0,62.0,557.8,584.0,-197.0,-118.0,44.0,30.0,79.667
9,20180423000738,20180423030628,10730,95829.7,145.0,34.0,100.0,66.0,553.3,592.5,-26.0,-1.0,40.0,0.0,81.778
9,20180423151327,20180423153057,1050,95972.9,143.1999999999971,34.0,60.0,26.0,558.7,567.9,-198.0,-198.0,40.0,31.0,32.72
9,20180424022334,20180424035044,5230,96048.6,75.70000000001164,24.0,89.0,65.0,555.7,570.8,-99.0,-99.0,40.0,0.0,80.76899999999998
9,20180424123616,20180424125916,1380,96122.7,74.09999999999127,71.0,100.0,29.0,565.4,594.3,-199.0,-2.0,38.0,29.0,36.939
9,20180425021252,20180425033502,4930,96267.7,145.0,41.0,100.0,59.0,561.9,591.3,-99.0,-2.0,37.0,0.0,73.94800000000002
9,20180425132752,20180425140852,2460,96410.9,143.1999999999971,36.0,96.0,60.0,559.4,585.6,-198.0,-178.0,43.0,29.0,76.13600000000002
9,20180426021755,20180426034105,4990,96556.1,145.20000000001158,40.0,100.0,60.0,562.4,590.4,-99.0,-9.0,38.0,26.0,73.825
9,20180426142923,20180426144713,1070,96699.1,143.0,38.0,0.0,-38.0,559.5,0.0,-198.0,0.0,37.0,0.0,32.004
9,20180426235253,20180427030903,11770,96775.0,75.89999999999421,30.0,100.0,70.0,556.9,594.9,-119.0,-6.0,35.0,0.0,86.74
9,20180427133107,20180427141737,2790,96918.2,143.1999999999971,37.0,100.0,63.0,560.5,598.4,-198.0,-8.0,42.0,28.0,79.753
9,20180428002211,20180428024451,8560,97063.4,145.1999999999971,48.0,100.0,52.0,555.7,584.9,-39.0,-1.0,37.0,0.0,64.672
9,20180428144956,20180428150206,730,97215.6,152.20000000001158,40.0,58.0,18.0,561.4,568.1,-198.0,-198.0,36.0,28.0,22.798000000000002
9,20180429000002,20180429024502,9900,97291.6,76.0,26.0,100.0,74.0,554.6,596.2,-59.0,-9.0,37.0,0.0,90.72200000000001
9,20180429123354,20180429130244,1730,97365.3,73.69999999999709,62.0,100.0,38.0,559.4,592.7,-198.0,-2.0,38.0,30.0,47.81800000000001
9,20180430021440,20180430035110,5790,97510.3,145.0,30.0,100.0,70.0,558.4,593.8,-99.0,-6.0,40.0,29.0,87.464
9,20180430135326,20180430144206,2920,97653.6,143.3000000000029,34.0,100.0,66.0,557.2,596.8,-198.0,-5.0,45.0,32.0,83.928
9,20180501001032,20180501022742,8230,97799.0,145.39999999999418,37.0,100.0,63.0,555.2,589.5,-39.0,-1.0,40.0,0.0,78.274
9,20180501150731,20180501152751,1220,97942.5,143.5,31.0,0.0,-31.0,555.1,0.0,-198.0,0.0,41.0,0.0,37.548
9,20180502000345,20180502015255,6550,98018.4,75.89999999999421,21.0,100.0,79.0,555.5,591.0,-99.0,-1.0,42.0,0.0,98.16799999999999
9,20180502141639,20180502144239,1560,98161.7,143.3000000000029,37.0,72.0,35.0,555.9,567.3,-199.0,-118.0,44.0,0.0,45.228
9,20180502144329,20180502145919,950,98161.7,0.0,72.0,95.0,23.0,569.0,578.8,-199.0,-190.0,46.0,38.0,29.16800000000001
9,20180503000150,20180503030720,11130,98307.0,145.3000000000029,32.0,100.0,68.0,551.8,593.2,-26.0,-2.0,41.0,0.0,84.65
9,20180503152941,20180503155801,1700,98457.1,150.10000000000582,24.0,0.0,-24.0,547.4,0.0,-73.0,0.0,46.0,0.0,56.218999999999994
9,20180504000731,20180504014851,6080,98537.7,80.59999999999127,27.0,100.0,73.0,553.5,594.5,-99.0,-9.0,43.0,32.0,91.204
9,20180504124111,20180504130221,1270,98612.2,74.5,71.0,98.0,27.0,564.2,584.4,-198.0,-38.0,37.0,28.0,37.269
9,20180505000515,20180505012415,4740,98757.6,145.40000000000867,43.0,100.0,57.0,561.5,592.0,-99.0,-3.0,38.0,0.0,70.76100000000002
9,20180505132700,20180505140900,2520,98900.8,143.1999999999971,36.0,0.0,-36.0,559.6,0.0,-198.0,0.0,44.0,0.0,77.39
9,20180506021626,20180506035436,5890,99046.0,145.1999999999971,28.0,100.0,72.0,557.0,594.4,-99.0,-7.0,42.0,0.0,88.661
9,20180506143757,20180506145757,1200,99189.5,143.5,31.0,60.0,29.0,557.1,567.5,-198.0,-198.0,44.0,34.0,37.37300000000001
9,20180507000204,20180507033124,12560,99265.5,76.0,24.0,100.0,76.0,553.6,591.1,-39.0,-1.0,41.0,0.0,91.889
9,20180507134921,20180507142921,2400,99408.9,143.39999999999418,28.0,0.0,-28.0,557.1,0.0,-198.0,0.0,47.0,0.0,71.449
9,20180508000026,20180508015306,6760,99553.5,144.60000000000582,17.0,100.0,83.0,551.4,593.2,-99.0,-7.0,44.0,0.0,102.7
9,20180508144359,20180508150059,1020,99697.1,143.60000000000582,39.0,63.0,24.0,557.1,569.1,-198.0,-198.0,39.0,0.0,31.519000000000002
9,20180509000009,20180509023639,9390,99773.1,76.0,30.0,100.0,70.0,557.6,595.7,-59.0,-10.0,38.0,29.0,86.19200000000002
9,20180509122834,20180509124444,970,99847.4,74.29999999998836,71.0,94.0,23.0,564.5,577.5,-198.0,-191.0,37.0,28.0,29.872
9,20180510000255,20180510012915,5180,99992.8,145.40000000000867,37.0,100.0,63.0,561.8,591.5,-99.0,-1.0,37.0,0.0,77.755
9,20180510135929,20180510144109,2500,100136.5,143.6999999999971,40.0,98.0,58.0,561.1,589.6,-197.0,-59.0,40.0,0.0,74.223
9,20180511000130,20180511023310,9100,100282.0,145.5,43.0,100.0,57.0,554.3,592.9,-26.0,-1.0,37.0,0.0,69.388
9,20180511150641,20180511152231,950,100425.5,143.5,36.0,60.0,24.0,561.6,568.6,-199.0,-199.0,37.0,27.0,29.651999999999997
9,20180511235541,20180512013811,6150,100501.5,76.0,22.0,100.0,78.0,553.9,594.5,-99.0,-4.0,40.0,29.0,95.337
9,20180512141227,20180512145907,2800,100645.1,143.60000000000582,36.0,98.0,62.0,560.4,596.3,-198.0,0.0,44.0,32.0,80.53399999999998
9,20180513000906,20180513032636,11850,100790.1,145.0,26.0,100.0,74.0,550.0,592.0,-35.0,-2.0,42.0,0.0,90.01100000000002
9,20180513152013,20180513154303,1370,100933.8,143.6999999999971,28.0,0.0,-28.0,552.9,0.0,-198.0,0.0,43.0,0.0,41.911
9,20180513235757,20180514013957,6120,101009.9,76.09999999999127,25.0,100.0,75.0,557.1,590.0,-99.0,-1.0,42.0,0.0,91.51799999999999
9,20180514124620,20180514131520,1740,101084.1,74.20000000001164,62.0,100.0,38.0,559.4,598.5,-198.0,-1.0,42.0,34.0,49.04600000000001
9,20180515000411,20180515014841,6270,101229.4,145.29999999998842,23.0,100.0,77.0,549.7,589.4,-99.0,-2.0,44.0,33.0,94.54
9,20180515133120,20180515135920,1680,101373.1,143.70000000001158,32.0,0.0,-32.0,556.4,0.0,-198.0,0.0,46.0,0.0,49.589
9,20180515173810,20180515181050,1960,101442.4,69.29999999998836,35.0,80.0,45.0,560.0,569.6,-198.0,-154.0,50.0,39.0,56.357
9,20180516022352,20180516033842,4490,101518.5,76.10000000000579,45.0,100.0,55.0,565.8,592.0,-199.0,-1.0,44.0,34.0,67.095
9,20180516144603,20180516150643,1240,101662.2,143.6999999999971,32.0,61.0,29.0,559.0,561.2,-198.0,0.0,45.0,35.0,38.375
9,20180516235516,20180517031556,12040,101738.2,76.0,24.0,100.0,76.0,551.7,590.0,-39.0,-1.0,43.0,0.0,92.512
9,20180517133512,20180517142722,3130,101881.8,143.60000000000582,32.0,100.0,68.0,558.5,594.9,-199.0,-2.0,48.0,0.0,84.931
9,20180517235858,20180518013608,5830,102026.6,144.8000000000029,28.0,100.0,72.0,556.3,594.8,-99.0,-2.0,45.0,34.0,88.65299999999998
9,20180518235319,20180519023959,10000,102245.9,219.29999999998842,25.0,100.0,75.0,552.4,587.1,-59.0,-1.0,44.0,0.0,91.09100000000001
9,20180519123429,20180519130209,1660,102320.2,74.30000000000291,62.0,98.0,36.0,560.0,589.4,-198.0,0.0,44.0,0.0,47.431000000000004
9,20180519162309,20180519162809,300,102389.7,69.5,58.0,66.0,8.0,559.7,567.8,-198.0,-198.0,46.0,41.0,9.352
9,20180520020300,20180520034311,6011,102465.7,76.0,26.0,100.0,74.0,556.5,589.4,-99.0,-1.0,45.0,36.0,96.23700000000001
9,20180520135836,20180520144506,2790,102609.4,143.6999999999971,30.0,95.0,65.0,555.1,568.7,-199.0,0.0,50.0,0.0,81.258
9,20180520180716,20180520181536,500,102678.8,69.40000000000873,54.0,64.0,10.0,559.2,564.5,-190.0,-154.0,50.0,43.0,12.888
9,20180521000920,20180521033850,12570,102754.6,75.80000000000291,21.0,100.0,79.0,547.7,590.3,-38.0,-1.0,46.0,0.0,95.42200000000001
9,20180521150014,20180521151844,1110,102898.2,143.59999999999133,20.0,46.0,26.0,552.4,561.7,-199.0,-110.0,46.0,0.0,33.732
9,20180521151954,20180521153434,880,102898.2,0.0,46.0,0.0,-46.0,562.2,0.0,-198.0,0.0,49.0,0.0,22.744
9,20180522002341,20180522021201,6500,102974.2,76.0,20.0,100.0,80.0,554.9,588.2,-99.0,-1.0,48.0,0.0,97.145
9,20180522140629,20180522145729,3060,103117.3,143.10000000000582,20.0,0.0,-20.0,552.0,0.0,-198.0,0.0,51.0,0.0,81.977
9,20180522182549,20180522183539,590,103186.7,69.39999999999418,48.0,60.0,12.0,558.7,564.2,-190.0,-154.0,50.0,43.0,15.193
9,20180523000527,20180523032247,11840,103262.8,76.10000000000579,26.0,100.0,74.0,549.3,593.4,-30.0,-4.0,46.0,0.0,88.84299999999998
9,20180523152151,20180523155331,1900,103406.6,143.8000000000029,22.0,69.0,47.0,553.4,563.3,-198.0,0.0,49.0,38.0,57.58
9,20180524022737,20180524040727,5990,103482.6,76.0,26.0,100.0,74.0,556.1,593.0,-99.0,-2.0,46.0,0.0,89.685
9,20180524124213,20180524131033,1700,103557.0,74.39999999999421,64.0,100.0,36.0,560.5,592.7,-198.0,-1.0,45.0,0.0,44.91
9,20180525000011,20180525013321,5590,103702.6,145.60000000000582,31.0,100.0,69.0,559.7,595.7,-99.0,-2.0,45.0,0.0,84.34899999999998
9,20180525133212,20180525135622,1450,103846.5,143.89999999999418,28.0,64.0,36.0,554.7,568.3,-198.0,-198.0,46.0,37.0,45.135
9,20180525135912,20180525141822,1150,103846.5,0.0,65.0,0.0,-65.0,564.9,0.0,-199.0,0.0,49.0,0.0,29.19400000000001
9,20180525174312,20180525175302,590,103915.9,69.39999999999418,49.0,63.0,14.0,559.6,565.5,-198.0,-173.0,49.0,41.0,16.994
9,20180526020911,20180526035601,6410,103991.7,75.80000000000291,22.0,100.0,78.0,553.4,594.6,-99.0,-9.0,47.0,0.0,96.166
9,20180526144633,20180526151523,1730,104135.6,143.90000000000867,24.0,0.0,-24.0,550.8,0.0,-198.0,0.0,48.0,0.0,52.718
9,20180527000153,20180527034753,13560,104211.8,76.19999999999709,20.0,100.0,80.0,548.2,595.3,-59.0,-4.0,44.0,35.0,92.389
9,20180527134308,20180527143018,2830,104355.7,143.89999999999418,33.0,97.0,64.0,549.1,584.4,-5.0,-118.0,48.0,0.0,82.431
9,20180528022848,20180528040208,5600,104500.6,144.90000000000867,32.0,100.0,68.0,559.5,586.3,-99.0,-1.0,43.0,0.0,83.29299999999998
9,20180528145201,20180528152031,1710,104644.4,143.79999999998842,28.0,67.0,39.0,555.9,569.1,-198.0,-198.0,47.0,0.0,48.238
9,20180529000121,20180529014151,6030,104720.6,76.20000000001164,27.0,100.0,73.0,556.7,588.1,-99.0,-1.0,45.0,35.0,90.49
9,20180529163128,20180529165918,1670,104864.5,143.89999999999418,24.0,66.0,42.0,554.1,568.0,-198.0,-190.0,48.0,39.0,51.403
9,20180530001048,20180530014818,5850,104940.6,76.10000000000579,29.0,100.0,71.0,553.4,592.3,-99.0,-2.0,48.0,0.0,87.565
9,20180530135519,20180530144409,2930,105084.4,143.79999999998842,31.0,0.0,-31.0,557.3,0.0,-199.0,0.0,50.0,0.0,83.449
9,20180531000817,20180531034447,12990,105230.3,145.90000000000867,20.0,99.0,79.0,546.6,601.4,-40.0,-39.0,46.0,0.0,98.98
9,20180531151613,20180531154223,1570,105374.2,143.89999999999418,28.0,0.0,-28.0,553.8,0.0,-198.0,0.0,47.0,0.0,41.94600000000001
9,20180601000029,20180601014949,6560,105450.4,76.19999999999709,20.0,100.0,80.0,553.5,589.0,-99.0,-1.0,49.0,0.0,98.584
9,20180601140302,20180601145602,3180,105593.6,143.20000000001158,24.0,0.0,-24.0,551.9,0.0,-199.0,0.0,50.0,0.0,86.27
9,20180601183652,20180601183842,110,105663.2,69.59999999999127,58.0,60.0,2.0,558.7,565.0,-198.0,-190.0,48.0,41.0,3.307
9,20180602000147,20180602031727,11740,105739.5,76.30000000000291,28.0,100.0,72.0,550.2,588.7,-38.0,-1.0,44.0,0.0,88.89200000000002
9,20180602151454,20180602154054,1560,105883.6,144.10000000000582,30.0,0.0,-30.0,555.6,0.0,-198.0,0.0,42.0,0.0,41.45
9,20180603000559,20180603014329,5850,105959.9,76.29999999998836,28.0,100.0,72.0,557.0,592.2,-99.0,-2.0,43.0,31.0,87.916
9,20180603162923,20180603165443,1520,106103.9,144.0,30.0,63.0,33.0,549.4,564.0,-163.0,-118.0,44.0,0.0,41.372
9,20180604000212,20180604005752,3340,106180.0,76.10000000000579,25.0,100.0,75.0,555.8,597.1,-199.0,-5.0,49.0,0.0,92.82
9,20180604132844,20180604140214,2010,106324.1,144.10000000000582,30.0,76.0,46.0,557.3,564.9,-198.0,0.0,48.0,0.0,56.26
9,20180604174414,20180604175914,900,106393.8,69.69999999999709,41.0,63.0,22.0,558.4,567.3,-199.0,-191.0,48.0,38.0,27.851
9,20180605000249,20180605014219,5970,106470.0,76.19999999999709,26.0,100.0,74.0,547.5,597.2,-19.0,-8.0,47.0,0.0,90.575
9,20180605143511,20180605150601,1850,106614.2,144.1999999999971,26.0,66.0,40.0,553.8,564.8,-199.0,0.0,45.0,32.0,57.228
9,20180606001121,20180606030831,10630,106690.6,76.40000000000873,28.0,100.0,72.0,554.9,588.7,-37.0,-1.0,39.0,0.0,80.346
9,20180606134252,20180606142112,2300,106834.2,143.59999999999133,33.0,0.0,-33.0,557.1,0.0,-198.0,0.0,43.0,0.0,69.245
9,20180607020426,20180607035016,6350,106980.3,146.10000000000582,22.0,100.0,78.0,555.7,596.4,-99.0,-9.0,41.0,29.0,95.081
9,20180609000003,20180609012233,4950,107421.7,441.3999999999942,39.0,100.0,61.0,562.3,589.4,-99.0,-1.0,40.0,29.0,74.66199999999998
9,20180609134626,20180609143846,3140,107566.0,144.3000000000029,32.0,100.0,68.0,559.4,591.3,-199.0,-2.0,45.0,0.0,84.13600000000002
9,20180610000052,20180610011552,4500,107712.0,146.0,45.0,100.0,55.0,556.9,594.4,-99.0,-2.0,43.0,0.0,67.809
9,20180610151225,20180610154115,1730,107856.4,144.39999999999418,22.0,0.0,-22.0,554.7,0.0,-198.0,0.0,47.0,0.0,52.577
9,20180611021149,20180611035159,6010,107932.9,76.5,22.0,100.0,78.0,554.2,591.0,-99.0,-1.0,46.0,0.0,94.851
9,20180611140822,20180611145732,2950,108077.4,144.5,27.0,92.0,65.0,555.2,572.6,-198.0,-154.0,50.0,0.0,82.184
9,20180611183812,20180611184452,400,108147.1,69.70000000001164,52.0,61.0,9.0,563.9,564.7,-190.0,-172.0,50.0,43.0,10.923
9,20180612000005,20180612031255,11570,108222.7,75.59999999999127,24.0,100.0,76.0,546.8,593.5,-16.0,-4.0,47.0,0.0,92.184
9,20180612151801,20180612153851,1250,108367.2,144.5,33.0,64.0,31.0,559.0,568.6,-198.0,-197.0,44.0,33.0,38.861999999999995
9,20180613021355,20180613034915,5720,108443.8,76.60000000000579,30.0,100.0,70.0,559.6,591.5,-99.0,-1.0,40.0,0.0,85.634
9,20180613123635,20180613130155,1520,108518.6,74.80000000000291,67.0,100.0,33.0,560.4,596.9,-198.0,-1.0,39.0,30.0,41.552
9,20180613235936,20180614012806,5310,108664.6,146.0,34.0,100.0,66.0,561.6,595.3,-198.0,-3.0,40.0,28.0,80.594
9,20180614132041,20180614140851,2890,108809.2,144.59999999999133,37.0,100.0,63.0,559.3,592.7,-198.0,-1.0,44.0,31.0,79.36399999999998
9,20180615022109,20180615035539,5670,108955.2,146.0,30.0,100.0,70.0,558.4,596.8,-99.0,-9.0,43.0,0.0,85.544
9,20180615143751,20180615150051,1380,109102.8,147.60000000000582,34.0,65.0,31.0,558.1,561.0,-198.0,0.0,44.0,0.0,38.905
9,20180615235738,20180616013558,5900,109181.1,78.30000000000291,28.0,100.0,72.0,557.2,588.1,-99.0,-1.0,44.0,0.0,88.464
9,20180616134351,20180616143041,2810,109329.0,147.89999999999418,32.0,0.0,-32.0,556.3,0.0,-199.0,0.0,47.0,0.0,80.439
9,20180616235704,20180617013714,6010,109478.5,149.5,27.0,100.0,73.0,552.1,592.8,-99.0,-3.0,46.0,0.0,90.141
9,20180617150409,20180617153659,1970,109626.9,148.39999999999418,18.0,62.0,44.0,551.8,568.0,-199.0,-172.0,49.0,0.0,60.023999999999994
9,20180618022544,20180618040624,6040,109705.0,78.10000000000579,21.0,100.0,79.0,555.7,592.0,-99.0,-2.0,45.0,0.0,90.51799999999999
9,20180618122653,20180618130103,2050,109781.4,76.39999999999421,59.0,100.0,41.0,560.6,595.4,-198.0,-2.0,45.0,0.0,50.96100000000001
9,20180618235849,20180619015039,6710,109931.0,149.60000000000582,18.0,100.0,82.0,551.3,593.1,-99.0,-3.0,47.0,37.0,101.301
9,20180619135402,20180619144342,2980,110078.8,147.8000000000029,21.0,0.0,-21.0,549.8,0.0,-198.0,0.0,50.0,0.0,84.473
9,20180619181422,20180619182122,420,110150.3,71.5,54.0,63.0,9.0,559.7,565.4,-198.0,-173.0,49.0,41.0,12.035
9,20180620000716,20180620031806,11450,110228.5,78.19999999999709,28.0,100.0,72.0,550.9,587.1,-39.0,-1.0,45.0,0.0,86.664
9,20180620150315,20180620153615,1980,110376.2,147.6999999999971,21.0,62.0,41.0,552.4,563.4,-198.0,0.0,49.0,0.0,57.376999999999995
9,20180621021414,20180621035134,5840,110454.3,78.10000000000579,21.0,100.0,79.0,561.4,593.0,-198.0,-2.0,46.0,0.0,87.977
9,20180621141818,20180621145428,2170,110602.2,147.89999999999418,28.0,79.0,51.0,556.2,569.3,-198.0,-154.0,50.0,37.0,64.622
9,20180621182728,20180621184048,800,110673.6,71.40000000000873,42.0,60.0,18.0,558.5,564.5,-198.0,-154.0,50.0,41.0,22.469
9,20180622000147,20180622020627,7480,110751.8,78.19999999999709,26.0,100.0,74.0,549.7,592.9,-38.0,-2.0,48.0,0.0,89.39399999999998
9,20180622151716,20180622153706,1190,110899.8,148.0,36.0,65.0,29.0,560.5,568.7,-198.0,-198.0,45.0,34.0,37.101
9,20180622235909,20180623013219,5590,110978.0,78.19999999999709,31.0,100.0,69.0,558.5,595.6,-99.0,-9.0,44.0,0.0,84.162
9,20180623124506,20180623131046,1540,111054.3,76.30000000000291,66.0,100.0,34.0,559.5,597.7,-198.0,-9.0,41.0,32.0,43.06399999999999
9,20180624021712,20180624035222,5710,111203.9,149.59999999999133,30.0,100.0,70.0,563.4,595.2,-198.0,-2.0,41.0,0.0,86.149
9,20180624133025,20180624140415,2030,111352.0,148.10000000000582,29.0,79.0,50.0,555.0,571.9,-198.0,-198.0,45.0,31.0,63.255
9,20180624174135,20180624175415,760,111423.6,71.60000000000579,45.0,64.0,19.0,557.0,568.8,-199.0,-198.0,45.0,33.0,23.706999999999997
9,20180625000105,20180625013455,5630,111501.8,78.19999999999709,30.0,100.0,70.0,555.7,593.4,-99.0,-6.0,44.0,31.0,84.64
9,20180625144425,20180625151125,1620,111651.2,149.39999999999418,26.0,64.0,38.0,554.9,569.0,-198.0,-198.0,44.0,0.0,48.553000000000004
9,20180625235919,20180626024209,9770,111730.7,79.5,26.0,100.0,74.0,554.1,595.5,-59.0,-9.0,40.0,0.0,89.257
9,20180626133645,20180626142625,2980,111878.8,148.10000000000582,32.0,100.0,68.0,555.4,600.3,-198.0,-8.0,46.0,31.0,85.615
9,20180627021722,20180627030522,2880,112028.9,150.09999999999133,42.0,100.0,58.0,561.5,593.6,-99.0,-3.0,44.0,0.0,71.965
9,20180627145805,20180627151735,1170,112176.8,147.90000000000867,36.0,0.0,-36.0,559.8,0.0,-198.0,0.0,43.0,0.0,33.819
9,20180628000155,20180628023805,9370,112254.9,78.09999999999127,30.0,100.0,70.0,554.8,592.5,-59.0,-1.0,43.0,0.0,85.68799999999997
9,20180628122955,20180628125825,1710,112331.3,76.40000000000873,62.0,100.0,38.0,561.6,596.6,-198.0,-2.0,44.0,35.0,47.94
9,20180629021136,20180629035756,6380,112481.1,149.8000000000029,21.0,100.0,79.0,553.5,592.1,-99.0,-2.0,46.0,0.0,96.551
9,20180701140925,20180701145935,3010,113153.0,671.8999999999943,25.0,92.0,67.0,553.3,567.4,-198.0,0.0,50.0,0.0,84.94200000000002
9,20180701182525,20180701182955,270,113224.6,71.60000000000579,56.0,61.0,5.0,559.2,564.7,-198.0,-172.0,49.0,42.0,7.79
9,20180702000420,20180702014820,6240,113302.5,77.89999999999421,24.0,100.0,76.0,550.7,590.3,-78.0,-1.0,48.0,0.0,92.82799999999999
9,20180702113732,20180702120522,1670,113378.9,76.39999999999421,62.0,0.0,-62.0,556.2,0.0,-171.0,0.0,46.0,0.0,48.55
9,20180703022540,20180703035500,5360,113528.7,149.8000000000029,34.0,100.0,66.0,560.4,594.6,-99.0,-9.0,42.0,0.0,80.77
9,20180704000718,20180704055736,21018,113528.9,0.1999999999970896,99.0,0.0,-99.0,563.8,0.0,-43.0,0.0,33.0,0.0,14.45
9,20180704132422,20180704140442,2420,113676.3,147.40000000000867,28.0,0.0,-28.0,553.1,0.0,-198.0,0.0,46.0,0.0,74.422
9,20180704175902,20180704180922,620,113747.7,71.39999999999421,48.0,62.0,14.0,556.7,566.4,-198.0,-189.0,48.0,41.0,19.074
9,20180705021200,20180705034320,5480,113825.6,77.90000000000873,29.0,100.0,71.0,556.9,594.7,-99.0,-9.0,46.0,0.0,86.28
9,20180705144305,20180705151455,1910,113973.2,147.59999999999133,24.0,0.0,-24.0,555.1,0.0,-198.0,0.0,48.0,0.0,55.647
9,20180706004155,20180706020335,4900,114051.1,77.90000000000873,23.0,100.0,77.0,558.4,591.6,-119.0,-2.0,46.0,0.0,86.705
9,20180706135347,20180706142927,2140,114198.4,147.29999999998842,21.0,74.0,53.0,552.3,569.4,-198.0,-172.0,49.0,0.0,65.23
9,20180706180657,20180706182157,900,114269.8,71.40000000000873,42.0,64.0,22.0,558.9,567.6,-199.0,-190.0,48.0,38.0,27.849
9,20180707021835,20180707035525,5810,114347.9,78.09999999999127,29.0,100.0,71.0,557.2,586.5,-99.0,-3.0,45.0,34.0,86.594
9,20180707145551,20180707152240,1609,114495.6,147.70000000001158,28.0,0.0,-28.0,554.6,0.0,-198.0,0.0,44.0,0.0,46.175
9,20180708020957,20180708034647,5810,114573.8,78.19999999999709,30.0,100.0,70.0,557.8,591.1,-99.0,-1.0,41.0,29.0,87.162
9,20180708122643,20180708125833,1910,114650.0,76.19999999999709,59.0,100.0,41.0,560.1,596.5,-198.0,-2.0,43.0,0.0,51.693999999999996
9,20180709000715,20180709014925,6130,114799.6,149.60000000000582,25.0,100.0,75.0,553.3,594.5,-99.0,-6.0,44.0,32.0,92.727
9,20180709135422,20180709143252,2310,114947.3,147.6999999999971,29.0,82.0,53.0,554.0,567.9,-198.0,-95.0,47.0,0.0,67.12
9,20180709143512,20180709144332,500,114947.3,0.0,82.0,94.0,12.0,569.2,579.5,-190.0,-191.0,48.0,41.0,15.175999999999998
9,20180709181952,20180709182422,270,115018.7,71.39999999999421,55.0,61.0,6.0,560.0,566.0,-198.0,-199.0,47.0,36.0,8.4
9,20180709235552,20180710014512,6560,115098.0,79.30000000000291,19.0,100.0,81.0,551.9,594.8,-99.0,-9.0,47.0,0.0,98.634
9,20180710151549,20180710155309,2240,115245.6,147.60000000000582,23.0,0.0,-23.0,551.8,0.0,-198.0,0.0,46.0,0.0,51.842
9,20180711021155,20180711035735,6340,115323.6,78.0,20.0,100.0,80.0,553.7,591.0,-99.0,-2.0,46.0,0.0,97.742
